Price,Close,High,Low,Open,Volume
Ticker,AAPL,AAPL,AAPL,AAPL,AAPL
Date,,,,,
1985-01-01,0.09906096011400223,0.10632005631941101,0.09521831796998394,0.09948792351939464,6366416000
1985-02-01,0.08454354852437973,0.10503919141939354,0.08454354852437973,0.09906097323643272,4733388800
1985-03-01,0.07557661086320877,0.08881315693306031,0.07088004686586974,0.08454355070779593,4615587200
1985-04-01,0.07258786261081696,0.07856607304458241,0.06703737941351287,0.07557658301684958,2868028800
1985-05-01,0.0593513548374176,0.07600358182802272,0.05764351217896615,0.0725878965111198,4639129600
1985-06-01,0.06148616597056389,0.06319400892512289,0.05038442284464242,0.05807048006144588,5811388800
1985-07-01,0.0542278066277504,0.062340053377976525,0.0542278066277504,0.061913090022226724,2600595200
1985-08-01,0.05123831704258919,0.055081728415851273,0.04953047499728704,0.054227807393200204,1818745600
1985-09-01,0.05380086228251457,0.05892439015649673,0.05038441311205276,0.051238334424383115,1797196800
1985-10-01,0.06362093985080719,0.06575650941069379,0.05123832260716221,0.053800849874291665,3785913600
1985-11-01,0.06874524056911469,0.07088004064389869,0.06362094392663319,0.06362094392663319,2884672000
1985-12-01,0.07514963299036026,0.07813912331995837,0.06575650180722212,0.06874522821594437,3571209600
1986-01-01,0.07899302989244461,0.08454351263528563,0.0742956983884728,0.07514961924897919,6291801600
1986-02-01,0.08539743721485138,0.09137564741948338,0.07813911243489746,0.07899303333259211,3420860800
1986-03-01,0.09649921208620071,0.1011957877641013,0.08283571313421267,0.08539747702141888,4264332800
1986-04-01,0.1033313125371933,0.1118705103543303,0.08966780816519704,0.09649916983944748,4462684800
1986-05-01,0.12638874351978302,0.12809658595746085,0.10162350603224451,0.10333134846992234,4954051200
1986-06-01,0.12254530936479568,0.13364705284779307,0.11101661390002977,0.12638872093426606,4063360000
1986-07-01,0.10674700140953064,0.12895047429879147,0.10247739089178193,0.12254529460134021,5691638400
1986-08-01,0.12638874351978302,0.12980442839513867,0.10461222744772901,0.10632006988540682,3643516800
1986-09-01,0.11443299055099487,0.12681560504222456,0.10802782548772355,0.12681560504222456,3578198400
1986-10-01,0.1182757094502449,0.12041050355937166,0.11016268686814773,0.11400609842838189,2984038400
1986-11-01,0.13663576543331146,0.14090614012707794,0.11571393380923266,0.11870266591097914,5206163200
1986-12-01,0.13834436237812042,0.14987305639251297,0.13364703603425782,0.13663575653966384,4762576000
1987-01-01,0.1895827203989029,0.1955601742243095,0.13706275226476378,0.1379174316455088,8268915200
1987-02-01,0.23911306262016296,0.2438096233881055,0.17634607751295875,0.18958260878035135,6616176000
1987-03-01,0.22032546997070312,0.24082111230529799,0.21264019413888366,0.23996720797084214,5959318400
1987-04-01,0.2707105278968811,0.2732723080603214,0.21306704227642068,0.21520184767748343,6813161600
1987-05-01,0.2702673673629761,0.2813859965701414,0.24803008611032823,0.27197779745660466,3838956800
1987-06-01,0.2771090269088745,0.295925419454755,0.2600038632810586,0.27197771533895737,3497536000
1987-07-01,0.2822413146495819,0.3061890337691129,0.24974062010625378,0.278819654010575,3070256000
1987-08-01,0.36995673179626465,0.37166937301099917,0.27404205489020034,0.28089264261697944,3119300800
1987-09-01,0.38708409667015076,0.4024995412011028,0.33227615539432603,0.3750947816224593,3075486400
1987-10-01,0.26462164521217346,0.40934996618468567,0.18926034599653868,0.3887965831407546,6575699200
1987-11-01,0.2265777587890625,0.27463968192749083,0.20941232461144815,0.26605695337982826,4234238400
1987-12-01,0.28837156295776367,0.30038704474767053,0.20426319042841595,0.23001053027030594,4702264000
1988-01-01,0.28493866324424744,0.3175515397462599,0.26262410857637547,0.29352058664717984,6221600000
1988-02-01,0.29582008719444275,0.30097939276438146,0.25970256006271697,0.2872204561847951,3368467200
1988-03-01,0.27518126368522644,0.328497268844621,0.26658161023734406,0.29753982991034933,4882102400
1988-04-01,0.282060444355011,0.2915199705485464,0.26486195713303196,0.27346159111354695,3297929600
1988-05-01,0.28606563806533813,0.29726704409168847,0.2576309350969708,0.2808953406709008,2638507200
1988-06-01,0.318807452917099,0.32225458573213794,0.28434242905243257,0.2860655928139661,3534731200
1988-07-01,0.30588284134864807,0.3274240534055173,0.2912350656400359,0.32053137633244005,2186419200
1988-08-01,0.27538245916366577,0.31595573200956417,0.27106560863820856,0.3073228377690412,2653313600
1988-09-01,0.2986905872821808,0.30559628165145586,0.26070696307970115,0.2745191125248353,3060321600
1988-10-01,0.26674947142601013,0.2986906225945053,0.25897977482078566,0.29696421032394094,3563649600
1988-11-01,0.26052945852279663,0.2752435529935832,0.24581457822541739,0.266587881088791,2939865600
1988-12-01,0.2787055969238281,0.29082323157269024,0.25966325623195863,0.2613950336691114,2946070400
1989-01-01,0.26139500737190247,0.30467180406832034,0.2510083422657404,0.27870556888511905,7345833600
1989-02-01,0.25170037150382996,0.27947395929296726,0.24475657476584,0.26211567261417745,4886268800
1989-03-01,0.2473602294921875,0.2534361445656806,0.2326055415816179,0.2517003807277558,3859676800
1989-04-01,0.2707943618297577,0.28902131434186756,0.2352091264930909,0.24649228380901106,3966424000
1989-05-01,0.33227604627609253,0.3409746002306935,0.26790861446697345,0.26790861446697345,5253382400
1989-06-01,0.2870452404022217,0.3496730947902477,0.2748675781767512,0.3322759898360969,3941280000
1989-07-01,0.2766071856021881,0.2922639612079668,0.26268997688765916,0.29052441754376984,3688630400
1989-08-01,0.3103950023651123,0.31911419566573734,0.27377532644543706,0.2772634833782435,3352305600
1989-09-01,0.3103950023651123,0.3260897179378105,0.2999329296294751,0.3103950023651123,2020849600
1989-10-01,0.3243462145328522,0.3513748639650735,0.29644492590074983,0.31039516277873913,4125049600
1989-11-01,0.3094118535518646,0.3303891669068545,0.29717521774049965,0.32339645682733437,2524939200
1989-12-01,0.24648068845272064,0.3199005047391757,0.22725215907396473,0.3111598270267054,5941185600
1990-01-01,0.2377399057149887,0.27095384085017704,0.22462930337988676,0.2464805795661318,3747497600
1990-02-01,0.23850582540035248,0.24727465882422614,0.22622977236408326,0.24201384111298924,2483891200
1990-03-01,0.2823493480682373,0.3042710552412957,0.23324511362158734,0.23499871251685717,4556473600
1990-04-01,0.2762116491794586,0.3104086104901009,0.2674428139201985,0.2805956804662437,3642475200
1990-05-01,0.2901674211025238,0.300718253320808,0.2725810649871787,0.27961576709518937,4115630400
1990-06-01,0.31478768587112427,0.31566690631532923,0.2637879224131146,0.2910466676649361,3952054400
1990-07-01,0.2954427897930145,0.3358900898519934,0.28137420962405457,0.31302832129682656,4163812800
1990-08-01,0.2610575258731842,0.30868303251456186,0.23636288327201926,0.2963357112139794,3128339200
1990-09-01,0.2046130895614624,0.26458508932819685,0.19226575728904366,0.2575299519928456,2206948800
1990-10-01,0.21696044504642487,0.22577938580077347,0.17109872432987988,0.2081407035700216,5056116800
1990-11-01,0.26016053557395935,0.2725491325060526,0.21060614784558612,0.21591519546579244,3254608000
1990-12-01,0.3044060170650482,0.32033399435156684,0.26193033189244436,0.2637000310073745,4094092800
1991-01-01,0.3928959369659424,0.3964353117971516,0.2973264838478637,0.30263553427998446,7037307200
1991-02-01,0.40613725781440735,0.44160784029997807,0.38840154034780927,0.39372256578400794,5545780800
1991-03-01,0.48239845037460327,0.4983599574846223,0.40436367366965115,0.40436367366965115,5210598400
1991-04-01,0.39017510414123535,0.5196428678088741,0.3866282811846507,0.4823988470141083,7243051200
1991-05-01,0.3342757523059845,0.3822835238574416,0.3129387592058291,0.3413875215001153,7972843200
1991-06-01,0.2951585352420807,0.35205606788464733,0.28626799753682197,0.33427579962359544,4091662400
1991-07-01,0.32894107699394226,0.343166276658958,0.29693644310033573,0.3004923157022423,3783494400
1991-08-01,0.377799928188324,0.39562114573165563,0.32611982015106455,0.32790179438703493,4172649600
1991-09-01,0.35285094380378723,0.38136475102286366,0.3314666055526226,0.37601804188621296,2393070400
1991-10-01,0.3671073019504547,0.4009669974287614,0.33146648900415604,0.35106884571015057,3593990400
1991-11-01,0.3626314401626587,0.3947863064485914,0.3394086110311115,0.3662039354276752,3696033600
1991-12-01,0.40282440185546875,0.4144358283161833,0.3465544115735947,0.36263143921604574,2607169600
1992-01-01,0.4626676142215729,0.4930354044341166,0.3965724690446902,0.3983587282731393,4703160000
1992-02-01,0.48322030901908875,0.5011169893394266,0.442056520133153,0.4635332151389696,2534996800
1992-03-01,0.4170006513595581,0.490378643027703,0.4134214970641139,0.48500988768941766,2985662400
1992-04-01,0.4304233491420746,0.4384772936332296,0.3794168580252948,0.4098422944096347,3931390400
1992-05-01,0.42773884534835815,0.45279468329222244,0.4170004788888733,0.42952839786080543,2703724800
1992-06-01,0.34431394934654236,0.4268062739978482,0.30665457222908515,0.41066679406120216,4851683200
1992-07-01,0.3353477716445923,0.3550736393318122,0.31203473827076555,0.3443136985780231,3632809600
1992-08-01,0.3308544456958771,0.33984529166387,0.29848868701499326,0.3362492749776455,2746531200
1992-09-01,0.32456135749816895,0.3596249319259846,0.31467150333734045,0.33265237541616444,3055662400
1992-10-01,0.3776058852672577,0.38839475174329624,0.2984886914738638,0.3218644207921443,3531427200
1992-11-01,0.41444826126098633,0.42886374626232326,0.37120103638151203,0.3784091878785205,3126547200
1992-12-01,0.43066564202308655,0.4414774374778151,0.39282469475209136,0.41264651222131543,3334318400
1993-01-01,0.42886385321617126,0.4703084250333919,0.41264656688225476,0.42886385321617126,5542264000
1993-02-01,0.38284605741500854,0.44424606126753236,0.37201065766338215,0.4279933594729478,4651281600
1993-03-01,0.3720105290412903,0.41715783960069563,0.36298172757283104,0.3828459250465945,3661526400
1993-04-01,0.3702048063278198,0.37923442825416653,0.33769945974662435,0.3702048063278198,3914411200
1993-05-01,0.4098863899707794,0.42798339434527394,0.36916932612192443,0.37097887675813557,3200545600
1993-06-01,0.2859255373477936,0.4216489000338498,0.2786865662664958,0.4089813288399182,7674396800
1993-07-01,0.20087169110774994,0.28773519072810877,0.18458503786948244,0.2823057667088468,7142912000
1993-08-01,0.1926673799753189,0.22356736075836045,0.18812363166969534,0.2053906930564963,3683164800
1993-09-01,0.16994696855545044,0.19630237475681206,0.16722072211991365,0.19266737142015772,3668022400
1993-10-01,0.22356736660003662,0.23447235311134693,0.15995072672843566,0.16540323211799962,5905323200
1993-11-01,0.22984282672405243,0.25538091858228046,0.2170737807949384,0.22437074031476337,3452108800
1993-12-01,0.21342581510543823,0.2371398973939626,0.19335981242885364,0.23349100188839353,3956971200
1994-01-01,0.23896382749080658,0.25720496139880855,0.20977683932582777,0.21524977863182837,7332035200
1994-02-01,0.2672830820083618,0.2800980181020889,0.2361606020093578,0.24165320982090768,4284459200
1994-03-01,0.24348364770412445,0.28192843418372304,0.2306687188775916,0.2691135053571902,5257985600
1994-04-01,0.2196844071149826,0.2508068754350381,0.19771573175508436,0.23616051338828653,4042136000
1994-05-01,0.21503838896751404,0.24812071215744058,0.2095241203970277,0.2205518232102264,3361657600
1994-06-01,0.19482074677944183,0.2104430045498212,0.1810363042534725,0.209524090792854,4671788800
1994-07-01,0.24766135215759277,0.24995860085143792,0.18655067445317872,0.19390192671332251,4848065600
1994-08-01,0.2669626474380493,0.27572250789790304,0.23699221543386334,0.2480581188124038,4574897600
1994-09-01,0.2485191822052002,0.27480041366659186,0.24621395185670264,0.26096821898172395,3232644800
1994-10-01,0.3186030089855194,0.3227524084258144,0.239759297816559,0.2480580966971489,7713484800
1994-11-01,0.27562689781188965,0.32175739646475543,0.2691528547957754,0.31724910118807875,4048945600
1994-12-01,0.2885758876800537,0.29505077187034257,0.25712885648704464,0.2737772179354858,3787795200
1995-01-01,0.29875022172927856,0.355632685829952,0.280252094955853,0.2876510097707815,8162100800
1995-02-01,0.2930797040462494,0.33017761828010267,0.28194997809859706,0.30235376158235794,5299347200
1995-03-01,0.261545330286026,0.30235373582131264,0.25134304315706363,0.2949344805181504,6997144000
1995-04-01,0.2838047742843628,0.29400706119762027,0.24948821167338633,0.2634001509258113,5674300800
1995-05-01,0.3092378079891205,0.33016317165259607,0.2790110078499188,0.2845917356280185,6384672000
1995-06-01,0.3455095589160919,0.372945592338309,0.3087729062088503,0.3115628361969669,5521947200
1995-07-01,0.3348139524459839,0.37108562269606715,0.3199334741709845,0.34597454087317586,5699579200
1995-08-01,0.3208068609237671,0.3450531231864846,0.3124133512293393,0.33479543778715654,5292918400
1995-09-01,0.2779076099395752,0.33945790865187525,0.2592564464769233,0.32080674518922336,7311483200
1995-10-01,0.27091386914253235,0.2951610073723807,0.25086307562677473,0.281638677438174,6498508800
1995-11-01,0.2853222191333771,0.31806366717667656,0.2656766708495898,0.27409630216865005,4864294400
1995-12-01,0.23854781687259674,0.30028989189294375,0.23667698418512045,0.28438687729661755,6560243200
1996-01-01,0.20674172043800354,0.2656766654462189,0.20101183038109763,0.24135399989439812,10300214400
1996-02-01,0.20580631494522095,0.2263864443403613,0.20393547016678118,0.20580631494522095,4652099200
1996-03-01,0.18382222950458527,0.20674175623003846,0.1721286089689896,0.20674175623003846,3346750400
1996-04-01,0.1824190616607666,0.1983220705864369,0.17774194413971983,0.18803158270197057,2867076800
1996-05-01,0.19551582634449005,0.21609679133696205,0.17587027744009062,0.18241907684898587,3603902400
1996-06-01,0.15716102719306946,0.19458043892938548,0.14687053627488922,0.19364502264342792,4673939200
1996-07-01,0.1646452695131302,0.17025780555937597,0.11974163381293196,0.15809646771493302,4803489600
1996-08-01,0.1814836710691452,0.18709620577273703,0.15529016878766772,0.1646452301260119,3187374400
1996-09-01,0.16604828834533691,0.18428985189545752,0.15154841296765423,0.18054817621304936,3213548800
1996-10-01,0.1721285581588745,0.20767711112789322,0.16464518079620136,0.16464518079620136,5816977600
1996-11-01,0.18054823577404022,0.19738666244679665,0.17306400763817215,0.17493485234156336,2581364800
1996-12-01,0.1562255322933197,0.19083865277412368,0.15529010398804005,0.1805481795242186,4147483200
1997-01-01,0.12441955506801605,0.16651606775973976,0.12348328958090461,0.15809642299444573,9072739200
1997-02-01,0.12161240726709366,0.13377372543199395,0.11319361441974969,0.12629036095103865,4574169600
1997-03-01,0.13658003509044647,0.14499966705380113,0.11880616688585602,0.12348328500647392,4502243200
1997-04-01,0.12722578644752502,0.14874132745304725,0.12535494206331532,0.1319028911630334,3809724800
1997-05-01,0.12441955506801605,0.13470919533049983,0.12254786092611447,0.12629039988756172,2292707200
1997-06-01,0.10664486140012741,0.12816125916119123,0.10477401636958703,0.12722583040090302,2572304000
1997-07-01,0.13096746802330017,0.13564457248194514,0.09541891617923853,0.10430626647078185,6782372800
1997-08-01,0.16277353465557098,0.22124162016800855,0.13143521466303287,0.1319029164813352,17675705600
1997-09-01,0.16230586171150208,0.17399948429216072,0.15716104047872592,0.16464525819164164,3606075200
1997-10-01,0.12745967507362366,0.18522536456231534,0.11880617883954564,0.16230583727873288,6430043200
1997-11-01,0.13283830881118774,0.16090264595923487,0.1262903602432861,0.13143517875949892,5547483200
1997-12-01,0.09822606295347214,0.1342415018702815,0.09541895845548187,0.13237065675992224,5097792000
1998-01-01,0.13704776763916016,0.14967680509376663,0.10103232461692344,0.10196774711653185,10211577600
1998-02-01,0.1768064945936203,0.17867733874917865,0.1300320433765641,0.1384516726635859,7354166400
1998-03-01,0.20580631494522095,0.20954800450210048,0.16183810907765758,0.17633800231039448,10625977600
1998-04-01,0.20487090945243835,0.2217093376761096,0.18475764400637276,0.20533861130383874,8081886400
1998-05-01,0.1992575228214264,0.23667694281906135,0.19177415590934233,0.20580632287563305,6803339200
1998-06-01,0.21469278633594513,0.21703219433776344,0.19177411441149944,0.19832206372643071,3909841600
1998-07-01,0.2591286897659302,0.28532218477529064,0.21328964883847076,0.2160967584883024,10927660800
1998-08-01,0.23340299725532532,0.3274188289788043,0.23199986648569187,0.2563225401045097,13220872000
1998-09-01,0.2853222191333771,0.30075752709650444,0.22919353359213443,0.23480605492333498,8080318400
1998-10-01,0.2778380215167999,0.30917719194856935,0.21328969765565967,0.2750317605468358,12930926400
1998-11-01,0.23901544511318207,0.2946772472067318,0.2376122899517092,0.28064422176824116,10123523200
1998-12-01,0.30636996030807495,0.3105801994177652,0.2366768439462919,0.23948310380474194,12924105600
1999-01-01,0.30824169516563416,0.35407988713031235,0.2773702583726451,0.3152573710198873,15127403200
1999-02-01,0.26053187251091003,0.3138543017271991,0.2581933134391868,0.3119834444777931,8116516800
1999-03-01,0.2689513862133026,0.27783789178895507,0.23948308684087002,0.26053175791234473,9951995200
1999-04-01,0.344257116317749,0.3526767464378477,0.2507090289695536,0.26988687273815704,15888969600
1999-05-01,0.3297572433948517,0.3741931537782127,0.30637000891330235,0.34472482266320836,8908905600
1999-06-01,0.3465955853462219,0.3667088273551967,0.314789553615584,0.33677365197204745,6918620800
1999-07-01,0.4167574346065521,0.42377311163563225,0.3381769358035061,0.34659574324238873,11466582400
1999-08-01,0.4883215129375458,0.4929994812935297,0.3900963177774779,0.41628982305784756,9244603200
1999-09-01,0.4738214313983917,0.5996441092077421,0.4298541227946633,0.5014180558499755,18967468800
1999-10-01,0.5996443033218384,0.6066599562286497,0.445289547662503,0.4649350744463946,14468496000
1999-11-01,0.7324824333190918,0.7764497416626873,0.5785954052728737,0.5987087022340885,8624929600
1999-12-01,0.7694341540336609,0.8830946474187682,0.6814986308681757,0.7558697291060454,9418214400
2000-01-01,0.7764497399330139,0.909288067296242,0.6473531261851225,0.7848694199095868,12555177600
2000-02-01,0.8578374981880188,0.897595473757255,0.7259337493052852,0.7783207476873885,7319782400
2000-03-01,1.0164015293121338,1.1253848517996856,0.8531594097363621,0.8873048589041956,8698356800
2000-04-01,0.9284658432006836,1.0439980309627128,0.7848694049741642,1.0140620244439191,8662404800
2000-05-01,0.6286441087722778,0.9448369707502593,0.6118056913623585,0.9345464798320791,9807750400
2000-06-01,0.7839339375495911,0.8625144669385252,0.6015149388983526,0.6118054253421074,8105204800
2000-07-01,0.7605468034744263,0.9074173449549064,0.701611885877044,0.780192375528445,5746770400
2000-08-01,0.9120955467224121,0.9205143303695736,0.6623218116761933,0.7530636195083765,5636086400
2000-09-01,0.3854183554649353,0.9598046729942864,0.37980583252079586,0.9177081529855826,14516930400
2000-10-01,0.29280564188957214,0.40038676081832475,0.26193502128981017,0.3994513321281545,21905788800
2000-11-01,0.24696744978427887,0.34425723412778453,0.2413540530291147,0.29093479859754984,8488373600
2000-12-01,0.22264468669891357,0.26193492552813363,0.20393540780349562,0.2544506993807077,8858970400
2001-01-01,0.3236769735813141,0.3367737200634244,0.21609674161586506,0.22264469019587477,13709460800
2001-02-01,0.2731608748435974,0.32835412703617534,0.269419185954853,0.30964483327026765,7023766400
2001-03-01,0.33033737540245056,0.35548311364230273,0.25725790462881326,0.26661214163618135,10799062400
2001-04-01,0.3815273940563202,0.40592465182979104,0.2806442664104527,0.3306365512251608,11158991200
2001-05-01,0.29860591888427734,0.399638239177989,0.28887703069923304,0.3803296687697284,7468434400
2001-06-01,0.3479996621608734,0.37568931310545545,0.2896254505032466,0.3012997832414773,7638265600
2001-07-01,0.28124353289604187,0.37748554487394204,0.26717363741182776,0.35383681948004164,8655102400
2001-08-01,0.2776511013507843,0.29785737797410833,0.2586417446583371,0.2845360076153895,5129359200
2001-09-01,0.23214904963970184,0.285583796275103,0.21972618516477296,0.2769026218112661,5531523200
2001-10-01,0.2628326714038849,0.2906732032692621,0.2219708062127113,0.23184974732440733,7544247200
2001-11-01,0.31881219148635864,0.3225538809540009,0.2581933099129729,0.2641805076665498,5369744800
2001-12-01,0.32779252529144287,0.35967400680012585,0.3007013208307919,0.31521965925450557,4629839200
2002-01-01,0.3700021803379059,0.3701513862583053,0.30309602740114866,0.33003805026964284,8515376800
2002-02-01,0.32479938864707947,0.38886157265715027,0.31342428997562055,0.3643142842348977,7837424000
2002-03-01,0.3542861044406891,0.3786833586931413,0.326595603433838,0.3282417896599152,5318583200
2002-04-01,0.36326658725738525,0.3917047743766576,0.34425722785415974,0.3499451900189371,6422836000
2002-05-01,0.3487473428249359,0.38886153092119313,0.331385048274299,0.3635657424532897,5976157600
2002-06-01,0.26522812247276306,0.35099272482692656,0.23918384067688836,0.3500950415183071,8708016800
2002-07-01,0.22840727865695953,0.28124353400200813,0.2065547695744094,0.2650781609043333,8118415200
2002-08-01,0.22077392041683197,0.24322573121136598,0.20909873599740839,0.2261617964531883,5151686400
2002-09-01,0.21703220903873444,0.2273595678416958,0.21029648412420188,0.21688215378231637,5291837600
2002-10-01,0.24053087830543518,0.24606880839132494,0.1999682645021624,0.21837913298181313,6611432800
2002-11-01,0.2319997251033783,0.260138662454829,0.22466555479817038,0.23858539292042966,4531721600
2002-12-01,0.2144874781370163,0.2409802167665894,0.20625475884451722,0.2379870297835368,4530439200
2003-01-01,0.21493671834468842,0.2302035613164365,0.202962323196354,0.21493671834468842,6045832800
2003-02-01,0.2246655821800232,0.22900574306157623,0.2065547624102707,0.21568435058941599,4114303200
2003-03-01,0.21164347231388092,0.2269103153689275,0.21014646682661517,0.22466563148025753,4028404800
2003-04-01,0.21284119784832,0.22376702750263422,0.19038940503047067,0.21254113733872515,7775342400
2003-05-01,0.2686707079410553,0.28453602431802555,0.20954800577904892,0.21328969535872966,10811544800
2003-06-01,0.2852844297885895,0.2947140778392596,0.2489127624413137,0.2709152995396043,6113335200
2003-07-01,0.31551986932754517,0.3228540696385379,0.2770527253588333,0.28244062801847936,5218270400
2003-08-01,0.33841991424560547,0.34201239663085103,0.29067315197804855,0.3143218999200006,4307564800
2003-09-01,0.3101309537887573,0.34904736574839296,0.3015989889943608,0.3391684261079458,5347484800
2003-10-01,0.3426109850406647,0.37434241693363424,0.3021984047259105,0.30998102007583633,7040191200
2003-11-01,0.3129750192165375,0.3487473755372603,0.29710887921599294,0.341713263235617,4974104800
2003-12-01,0.31985992193222046,0.3277925671810375,0.28812849161465803,0.3149204633090352,5453873600
2004-01-01,0.33767151832580566,0.3717976637136334,0.3170159496224361,0.3225538808485661,7927802400
2004-02-01,0.3580278754234314,0.36072182607720343,0.3247994114783171,0.3361745359294397,4922030400
2004-03-01,0.4047267735004425,0.4211913825239426,0.3532383432055494,0.36072172046216217,11626115200
2004-04-01,0.38586753606796265,0.44274469932421157,0.38152737442290413,0.4024821779437848,8930174400
2004-05-01,0.4199936091899872,0.4307711078245897,0.3816765145076941,0.3891607414546814,5304275200
2004-06-01,0.48704928159713745,0.5117465856695069,0.41325900382866115,0.4159529554210678,8227234400
2004-07-01,0.48405563831329346,0.5033642226720147,0.4301716583550673,0.4804631564889233,9696579200
2004-08-01,0.5162365436553955,0.526563902431439,0.4445409566758594,0.4666935289410959,8011365600
2004-09-01,0.5799984931945801,0.5877819803881531,0.5117462223934461,0.513392458362196,7673506400
2004-10-01,0.7843079566955566,0.7962823516542674,0.5635340745576221,0.5855366174946594,16094366400
2004-11-01,1.003584623336792,1.0413032157768811,0.7789198542067656,0.785804758570338,17439604000
2004-12-01,0.9639208912849426,1.0170564001823215,0.9220113264152738,1.0146617106473181,15948615200
2005-01-01,1.1510169506072998,1.165835326343384,0.9369787415439799,0.969608704594887,25708244800
2005-02-01,1.3429036140441895,1.3602658622169554,1.146227624704508,1.1532626121001361,21448946400
2005-03-01,1.2474093437194824,1.3503870985421949,1.1623931609817184,1.3467954635832027,14675920000
2005-04-01,1.079471230506897,1.330629470993175,1.0178045491705157,1.2599816578600314,19375518400
2005-05-01,1.190232515335083,1.2255564274729458,0.9911619701375097,1.0839615177266775,12858294400
2005-06-01,1.1019231081008911,1.2201676428178876,1.0633059266183653,1.194124226817141,11327195600
2005-07-01,1.2767456769943237,1.3285342505257123,1.086356304724333,1.1025216050684492,10094246400
2005-08-01,1.403672456741333,1.4467789635027821,1.2578864744956924,1.2743511378920007,9400806800
2005-09-01,1.6048381328582764,1.6332762355964001,1.3797232035117881,1.4069644614858954,12347770400
2005-10-01,1.7239816188812256,1.7356559038596409,1.4330090885948468,1.6213030470776337,18643447200
2005-11-01,2.0302207469940186,2.1275105127871186,1.7024273159559555,1.7135040770451495,13456427600
2005-12-01,2.152057647705078,2.2589269555544944,2.0598564332837883,2.0640474884122595,13064164400
2006-01-01,2.2604241371154785,2.5864205855429714,2.1215231828067753,2.166726109982536,21878371200
2006-02-01,2.0502774715423584,2.2888631491734266,1.8829391591194402,2.243661007409557,18760697200
2006-03-01,1.8775495290756226,2.095180214999804,1.7263757968255509,2.060753894288677,23192632400
2006-04-01,2.1071548461914062,2.1568471906571935,1.8275575706876175,1.9059889807756396,20119282400
2006-05-01,1.789241075515747,2.209234835489533,1.7569102666490508,2.1185305926405147,15608779200
2006-06-01,1.714401364326477,1.8889246597806864,1.6587220076053972,1.7916349164824177,17936623600
2006-07-01,2.034411668777466,2.054467863237186,1.5015613018907321,1.7218858752233044,17479742000
2006-08-01,2.031118869781494,2.095480325267501,1.8733593228592922,2.0122595148795943,17887646000
2006-09-01,2.304429769515991,2.3283778641790245,2.030221127983808,2.0499781661924112,17721558400
2006-10-01,2.427164316177368,2.4726664091310213,2.173311870212198,2.2481507547425825,14387956800
2006-11-01,2.7438817024230957,2.7887852844208014,2.3286772963214157,2.4277642581496663,13834884000
2006-12-01,2.5397212505340576,2.763937503724614,2.2981426542154413,2.748071366475857,16890792800
2007-01-01,2.566364049911499,2.9276842893881794,2.451711151483176,2.583127871130763,27209781200
2007-02-01,2.532836437225342,2.718435517486405,2.480449445339643,2.581331734927759,13722354800
2007-03-01,2.7813000679016113,2.898647022726146,2.50709149173277,2.5154734028030568,15918644000
2007-04-01,2.9875564575195312,3.068381578756478,2.68221484576454,2.818121825093054,13459740000
2007-05-01,3.6278743743896484,3.6572109655538787,2.950136568407135,2.981269526178826,17365068000
2007-06-01,3.6533186435699463,3.820059166004622,3.454548084682788,3.625179501748853,23279541600
2007-07-01,3.944291353225708,4.457982987933977,3.5712958322363146,3.623682823402638,24018573600
2007-08-01,4.145457744598389,4.18048259662422,3.341392745819128,4.000570556889242,24360798000
2007-09-01,4.594188213348389,4.639989651593527,3.891604262595953,4.189162331950504,20931223600
2007-10-01,5.686236381530762,5.691325122503667,4.578026343712083,4.628916551209496,23277791600
2007-11-01,5.454833030700684,5.767958355971234,4.509173269364329,5.645821021844664,26199790400
2007-12-01,5.929610729217529,6.075694987449966,5.298271992878178,5.444057689294537,17252678800
2008-01-01,4.052060127258301,5.994869191566609,3.7760551471340644,5.965233237611312,35173888400
2008-02-01,3.7425270080566406,4.088879413710772,3.455745463973303,4.078402174702568,24865954400
2008-03-01,4.295732498168945,4.362787770776777,3.532379450667976,3.7251635592559666,22927273600
2008-04-01,5.207268238067627,5.388377342152487,4.299027667859279,4.37955342126886,22786982400
2008-05-01,5.650313377380371,5.754788042236595,5.14889493824911,5.237503458876112,18588214400
2008-06-01,5.012388229370117,5.68623496893044,4.913900812206401,5.645821614633452,19475794800
2008-07-01,4.758235931396484,5.415617313928915,4.386437441931909,4.916294594061996,19749760800
2008-08-01,5.074952602386475,5.4018473155780695,4.5774252669867534,4.786673870708792,13085755200
2008-09-01,3.402461528778076,5.193797607480655,3.0112050717322463,5.160868678058744,24067562400
2008-10-01,3.2207529544830322,3.484484339036837,2.5445112871306637,3.3503735379974957,41426711200
2008-11-01,2.774115800857544,3.3464810008704604,2.3690896489183455,3.1710592035728222,23619461600
2008-12-01,2.554988145828247,3.1013099439065512,2.5310402578702833,2.733103997274431,20213846800
2009-01-01,2.698080539703369,2.9088253815642457,2.3409503021045794,2.5708546561515893,18105740800
2009-02-01,2.673532485961914,3.0833479864954945,2.589713387244151,2.6672461035182056,13867450800
2009-03-01,3.1468124389648438,3.292298150395963,2.464583615227075,2.6379099115991975,15424598000
2009-04-01,3.766775131225586,3.8077864065989506,3.109991406665102,3.115978629207671,11821681200
2009-05-01,4.0655317306518555,4.068225582035171,3.5736920221533395,3.7658779346109568,9457142800
2009-06-01,4.263702392578125,4.382545545347936,3.977818952567235,4.085287583200552,12675572000
2009-07-01,4.891149044036865,4.939344981520535,4.023919532022051,4.295733412373686,10942136800
2009-08-01,5.0354390144348145,5.16356239474411,4.7723061477052795,4.945632264263312,8165124800
2009-09-01,5.548531532287598,5.654802329349345,4.912702516914609,5.028852230708435,9989319200
2009-10-01,5.642828464508057,6.247823747064093,5.409331568481117,5.548532102283062,12956176800
2009-11-01,5.984391212463379,6.226568353350695,5.555116976413276,5.681743527508259,8454784800
2009-12-01,6.308291912078857,6.4046837902755405,5.648215860194851,6.054140327902518,11393958800
2010-01-01,5.749396800994873,6.453777360698072,5.695213650273014,6.389116573281366,15168994400
2010-02-01,6.125387191772461,6.141851654342907,5.713176105885444,5.758678198563869,10776080000
2010-03-01,7.034823417663574,7.1090641609576855,6.150232271442908,6.159212703534835,12154172800
2010-04-01,7.815838813781738,8.156203926350093,6.967468802661839,7.106967851242947,12367129600
2010-05-01,7.689812660217285,8.019102700926764,5.964633678848666,7.898163205442846,18082654800
2010-06-01,7.52965784072876,8.352282997618364,7.250359916477923,7.773930914309522,16651252800
2010-07-01,7.70089054107666,7.9625266319781085,7.172530417963225,7.612580986279812,15669704400
2010-08-01,7.277300834655762,7.911332348626177,7.0515873998581595,7.796380903246106,9589120800
2010-09-01,8.49417781829834,8.822867530571274,7.372496896934427,7.408119670683135,11849919200
2010-10-01,9.009963989257812,9.549399891898036,8.315162476297765,8.566021478021398,12234577600
2010-11-01,9.314407348632812,9.618252062469288,8.91357203906367,9.047083888662364,9508086000
2010-12-01,9.655974388122559,9.778709284515346,9.426368740769222,9.437744466539966,6973234800
2011-01-01,10.157687187194824,10.435487864555874,9.724222750637672,9.748170836815072,10841535600
2011-02-01,10.573492050170898,10.92343679746718,10.109792478183007,10.216961358397997,9295949600
2011-03-01,10.432794570922852,10.82674496607066,9.766730944538677,10.641145090053538,11306458800
2011-04-01,10.481290817260742,10.630967370905935,9.584125981562927,10.510627405787957,9253829200
2011-05-01,10.412442207336426,10.532184291519433,9.861331417167305,10.469618998576852,6912060400
2011-06-01,10.048426628112793,10.541163964578013,9.294952485081906,10.44357541234488,9263850400
2011-07-01,11.689183235168457,12.108878660893092,10.00441750833836,10.056804496366446,10653946800
2011-08-01,11.520049095153809,11.959201009777132,10.567802679188206,11.907712502547652,16142599200
2011-09-01,11.414978981018066,12.658497329450118,10.970736587821373,11.549689112240412,11977448000
2011-10-01,12.117260932922363,12.773446059671192,10.60432514219156,11.38653769185078,13141427600
2011-11-01,11.441320419311523,12.213655363058304,10.876139384724373,11.89663871482933,8963701600
2011-12-01,12.123847961425781,12.246283861537208,11.306011768258179,11.451498074890678,6306532400
2012-01-01,13.664921760559082,13.717607713960918,12.243588870731289,12.255563314396278,6859854400
2012-02-01,16.23816680908203,16.392934459378715,13.59008075373304,13.72269488899299,11368554400
2012-03-01,17.947776794433594,18.603362142196335,15.453258143293256,16.409694476533257,15584338000
2012-04-01,17.481687545776367,19.278411947205132,16.61415913605006,18.016035472933076,15598990400
2012-05-01,17.294593811035156,17.864264004236986,15.631680844726347,17.509230527173973,11106345600
2012-06-01,17.482288360595703,17.66190022238524,16.419581247878284,17.038046085581296,7855825600
2012-07-01,18.283357620239258,18.556069556432334,17.063190690993178,17.504139549642268,8909650400
2012-08-01,19.999740600585938,20.46964001745052,18.045884487362013,18.516686244691897,8276206400
2012-09-01,20.055665969848633,21.1971928262171,19.721955640723827,20.015380148973883,9199005200
2012-10-01,17.89767837524414,20.345787080102088,17.668591357166434,20.177728492979686,12142830000
2012-11-01,17.67619514465332,18.211360876783093,15.274288937922645,18.066999566101593,12929851200
2012-12-01,16.07221031188965,17.957374077821623,15.137783362068552,17.928985039395346,12132752800
2013-01-01,13.756376266479492,16.761704447408636,13.13755219984414,16.726066939958006,13123423600
2013-02-01,13.408530235290527,14.731157124530178,13.294919053380465,13.946511546950667,9344034000
2013-03-01,13.446808815002441,14.275805614543277,12.728082051828356,13.305249865704534,9176876800
2013-04-01,13.450453758239746,13.525486152182042,11.698291616772147,13.423721946970899,10963489600
2013-05-01,13.752002716064453,14.241866867471817,12.809271390751032,13.590853974380444,9447530400
2013-06-01,12.12523078918457,13.89571656411409,11.891000217432877,13.782576553854563,7018536000
2013-07-01,13.837624549865723,13.98470615142302,12.26864934520036,12.313600154323387,6538114800
2013-08-01,14.996755599975586,15.81304687917495,13.951457281179342,14.028101455559185,8058338400
2013-09-01,14.674489974975586,15.63390921907879,13.765548225250251,15.177746007600302,8630941200
2013-10-01,16.08884048461914,16.598254331625224,14.721582148882577,14.7268145016862,7837732000
2013-11-01,17.215909957885742,17.28587860532253,15.863268201874073,16.223642202475197,5225155600
2013-12-01,17.36916160583496,17.806316450667083,16.681231060767796,17.275662840122184,7057397200
2014-01-01,15.498556137084961,17.343770759835515,15.280288784100776,17.203831836286817,8765954400
2014-02-01,16.389890670776367,17.16696353648198,15.550836872373319,15.653927183049364,5880366800
2014-03-01,16.716920852661133,17.098761631152946,16.283065842850608,16.302064485366753,5001698800
2014-04-01,18.378522872924805,18.6694207066468,15.925520336512857,16.748689615884103,6435060800
2014-05-01,19.8250789642334,20.174914093193234,18.175493253183188,18.540989196534646,5735668400
2014-06-01,20.373483657836914,20.838261890595113,19.49623195066905,19.855151213419248,4827739200
2014-07-01,20.958837509155273,21.800699647956748,20.29455661917793,20.502828920330643,4140344000
2014-08-01,22.583337783813477,22.671468218671663,20.5519387405519,20.908866245300853,3748308000
2014-09-01,22.197765350341797,22.856537270718764,21.182065977502923,22.706716057691935,6105680000
2014-10-01,23.79511833190918,23.803931540412496,20.97054972308157,22.162508017281652,5441120800
2014-11-01,26.3169002532959,26.498350266926167,23.836345078078544,23.94698537146863,3281632800
2014-12-01,24.424943923950195,26.38770280310791,23.51326923462022,26.2903388311459,4294378400
2015-01-01,25.92523193359375,26.553667930939003,23.152585022352675,24.648442121835192,5221053600
2015-02-01,28.537883758544922,29.67975435977808,25.787618136475768,26.22526147216266,4546140800
2015-03-01,27.64260482788086,28.942204568033787,27.020573342814775,28.71338636374645,4554568400
2015-04-01,27.802560806274414,29.88858408795125,27.347144635242575,27.729249612808847,3984542000
2015-05-01,29.063095092773438,29.66318564763155,27.519369526989692,28.130613150069806,3816608400
2015-06-01,27.98114776611328,29.310714972226474,27.76922075565768,29.063094059979363,3514426800
2015-07-01,27.059825897216797,29.663190371476166,26.595815295418085,28.309083769615512,4233122400
2015-08-01,25.2685604095459,27.466897685447538,20.61641995066334,27.227119826147778,6427276400
2015-09-01,24.717302322387695,26.194065035718143,24.058472520373126,24.683688242955363,4826189200
2015-10-01,26.77894401550293,27.16438180961009,24.047267087241323,24.441668749779243,4450048400
2015-11-01,26.62350845336914,27.865788026472366,24.98063704217346,27.18613541377845,3002562400
2015-12-01,23.688852310180664,26.974594287790538,23.58982938942201,26.724787713696067,3687660800
2016-01-01,21.906452178955078,23.82163567858267,20.79245099226682,23.092471296695845,5087392000
2016-02-01,21.878238677978516,22.376036352082775,20.950522162837853,21.828458565304445,3243450400
2016-03-01,24.66139030456543,24.98495940588487,22.043422748914956,22.09546608011852,2984198400
2016-04-01,21.21073341369629,25.43070588590965,20.932419864823252,24.613863958083634,3489534800
2016-05-01,22.73309326171875,22.931149074407685,20.367813633535025,21.39223701679635,3602686000
2016-06-01,21.763301849365234,23.195218070519374,20.82993881800087,22.541863080149998,3117990800
2016-07-01,23.723371505737305,23.80077329539467,21.483299624058763,21.73826613862627,2743118400
2016-08-01,24.284469604492188,25.229756875797168,23.803815977275477,23.897658782302983,2520514000
2016-09-01,25.875213623046875,26.591616501290588,23.46736443669464,24.293631879866762,3872062400
2016-10-01,25.98736000061035,27.16610707280986,25.698967109543524,25.79738680868805,2747657200
2016-11-01,25.42601203918457,26.173700617154992,23.944439558221518,26.10238319138291,2886220000
2016-12-01,26.645315170288086,27.15144202414789,24.903776332099074,25.391499881515376,2435086800
2017-01-01,27.91753578186035,28.168299895100475,26.401454522043736,26.640715034095525,2252488000
2017-02-01,31.652278900146484,31.765493783969227,29.346345350170655,29.350965682297264,2299874400
2017-03-01,33.19342803955078,33.387513778688295,31.666151316677073,31.860237055814586,2246513600
2017-04-01,33.19111251831055,33.609325825890835,32.36162433554657,33.20497880622511,1493216400
2017-05-01,35.44169998168945,36.34421501346831,33.471945480809794,33.664513410492305,2615927200
2017-06-01,33.41395568847656,36.18878288372165,32.991697375186284,35.53683779885727,2736712400
2017-07-01,34.506717681884766,35.72708799856844,33.04042178853288,33.613484635605445,1688047600
2017-08-01,38.19892883300781,38.32004838298705,34.56770224387405,34.72841781798307,2644276000
2017-09-01,35.89766311645508,38.41786159911818,34.742380817234235,38.385252910529225,2721496400
2017-10-01,39.37283706665039,39.51491855976353,35.51102249137367,35.930276093534886,2017165200
2017-11-01,40.171226501464844,41.19742175057431,38.63543806408477,39.70838409830971,2402653600
2017-12-01,39.55878829956055,41.42183621657782,38.91128246873624,39.72709401713013,2124735200
2018-01-01,39.13801574707031,42.09972635295024,38.499858783277325,39.776176277719614,2638717600
2018-02-01,41.80665588378906,42.39343245337469,35.262926015122076,39.23657522528399,3711577200
2018-03-01,39.37975311279297,43.06940486811579,38.7131757171495,41.90523845226773,2854910800
2018-04-01,38.78828430175781,41.999128151776624,37.701576327533715,39.11218617463444,2664617200
2018-05-01,44.02949905395508,44.85415389804711,38.94020274468443,39.20880446438029,2483905200
2018-06-01,43.61481475830078,45.75656023463115,42.58281702195786,44.29338900633006,2110498000
2018-07-01,44.835304260253906,46.171248272874365,43.216625757898804,43.31087418302016,1574765600
2018-08-01,53.82129669189453,54.11448247965439,46.652373110237086,47.082699306595195,2801275600
2018-09-01,53.3744010925293,54.303616119832924,50.905946834732816,54.005700595133064,2715888000
2018-10-01,51.747703552246094,55.20212180306487,48.728337776821846,53.896960769062154,3158994000
2018-11-01,42.37113952636719,52.75868806327839,40.397076430946356,51.97333490531509,3845305600
2018-12-01,37.4265022277832,43.88016465283744,34.78097269844812,43.76627749333151,3595690000
2019-01-01,39.49071502685547,40.098117890187325,33.69190970654793,36.75028080199507,3312349600
2019-02-01,41.258975982666016,41.907110368999895,39.53856092369755,39.78399740049352,1890162400
2019-03-01,45.26215362548828,47.10647751768173,40.3892348659038,41.52823482670472,2603925600
2019-04-01,47.81656265258789,49.67756450131791,44.888046983436915,45.664853347146426,2024470800
2019-05-01,41.87713623046875,51.50263164635051,41.8579996140433,50.20376528717442,2957826400
2019-06-01,47.34290313720703,48.215993433724336,40.72896318724689,42.003911463031336,2060874800
2019-07-01,50.95964050292969,52.95219547888276,47.460114426619235,48.59871570576257,1895406800
2019-08-01,50.120792388916016,52.351422898331876,46.24059612927171,51.35976288180748,2724326400
2019-09-01,53.77768325805664,54.36595471917942,49.03548904205536,49.56613252031783,2170268400
2019-10-01,59.730018615722656,59.96772985483724,51.65508715308235,54.041791381961914,2433210800
2019-11-01,64.36235046386719,64.54297445955625,60.00570056980025,60.09721422874891,1793326000
2019-12-01,70.7203140258789,70.7973820283639,61.72283419961977,64.36716480710396,2388794800
2020-01-01,74.53988647460938,78.95674280182904,70.5035413296202,71.3440423397969,2934370400
2020-02-01,65.99005126953125,78.99204643722685,61.88860853206062,73.45907547496495,3019279200
2020-03-01,61.3864860534668,73.38665402871585,51.324791308674136,68.1433704264559,6280072400
2020-04-01,70.9243392944336,71.10056648651737,57.188482791235884,59.5059576666745,3265299200
2020-05-01,76.95958709716797,78.48454292386809,69.19198047595071,69.28880177832993,2805936000
2020-06-01,88.3023681640625,90.13716389365318,76.78287935327971,76.91359216835933,3243375600
2020-07-01,102.8839111328125,103.03398529349649,86.3126833067601,88.37985219097196,3020283200
2020-08-01,125.1653823852539,127.06653708598974,104.65287469630478,104.95113683150987,4070061100
2020-09-01,112.33265686035156,133.8369729764687,100.00429146919365,128.77370885163197,3885245100
2020-10-01,105.59132385253906,121.62498584593095,104.48555457025763,114.10769064779588,2894666500
2020-11-01,115.6745834350586,118.53122070060184,104.27716035884727,106.0164094553969,2123077300
2020-12-01,128.92787170410156,134.8549108370791,116.60738468567999,117.57903190349532,2322189600
2021-01-01,128.21856689453125,140.97628413671623,122.79676650141607,129.7343341053921,2240262000
2021-02-01,117.99800109863281,134.17091110854048,115.20520395795816,130.15200700072123,1833855600
2021-03-01,118.86404418945312,125.25730431466752,113.0838337607927,120.42100110271763,2650418200
2021-04-01,127.92362213134766,133.3827090139253,119.19491405245408,120.33344571223166,1889857500
2021-05-01,121.46383666992188,130.68499632614032,119.16342155658751,128.70623625590534,1711934900
2021-06-01,133.50198364257812,133.940618881177,120.02115999876145,121.9219300518068,1606590000
2021-07-01,142.1773223876953,146.21279493290203,132.33232157946605,133.15112453497662,1919035100
2021-08-01,148.2183074951172,149.83882340281855,141.06266992525173,142.87842530351327,1461542800
2021-09-01,138.134033203125,153.51913288148785,137.90950855673307,149.19451976936085,1797835100
2021-10-01,146.23660278320312,149.5264334059916,134.98087636645343,138.52451681999904,1565079200
2021-11-01,161.6033935546875,161.9944423742861,144.1818956502898,145.6581370170205,1691029000
2021-12-01,173.59902954101562,178.0570523952688,154.2711396150188,163.73465972070596,2444766700
2022-01-01,170.87142944335938,178.84895261389298,151.2404725829568,173.8532259011941,2108446000
2022-02-01,161.63311767578125,172.91963478216238,148.79018055494976,170.33538487524956,1627516300
2022-03-01,170.92269897460938,175.81711219198374,146.93029076020332,161.22196839299812,2180800100
2022-04-01,154.32081604003906,174.72073814847377,152.0987635785478,170.35491574267039,1687795600
2022-05-01,145.91094970703125,163.20380866365176,130.000346719846,153.62608486167113,2401040300
2022-06-01,134.0294647216797,148.75388773792554,126.50059298866188,146.95008604700428,1749099800
2022-07-01,159.31195068359375,160.40992030893383,132.99034240164843,133.3628541873168,1447125400
2022-08-01,154.3401641845703,172.92341157617548,154.26162776653078,158.06073524104178,1510239600
2022-09-01,135.66851806640625,161.25116153717767,135.47218456289696,153.77074570468494,2084722800
2022-10-01,150.53123474121094,154.61503872412877,131.90871110098374,135.67838438175664,1868139700
2022-11-01,145.55953979492188,152.85570629939593,132.13734938648935,152.49188599656344,1724847700
2022-12-01,127.76161193847656,148.40131860802052,123.76937852780571,145.73655376419998,1675731200
2023-01-01,141.8819580078125,144.7728951645374,122.09774264179418,128.1057743166347,1443652500
2023-02-01,145.1711883544922,154.98976843147813,139.17368490504796,141.78343155403792,1307198900
2023-03-01,162.39553833007812,162.49402556851254,141.71448053044926,144.59998831369782,1520266600
2023-04-01,167.10296630859375,167.27039764589344,157.35332923912188,161.77514247012095,969776400
2023-05-01,174.7994384765625,176.87041104464083,162.0383374292104,166.93962613221032,1275364700
2023-06-01,191.2882843017578,191.79122791985353,174.48386104799596,175.24321968725525,1297383300
2023-07-01,193.7340087890625,195.48939847860103,184.0201974247019,191.1009242547547,996114000
2023-08-01,185.52281188964844,194.272118693809,169.81159741990555,193.7882502292199,1322657800
2023-09-01,169.0709686279297,187.60645194801805,165.5258093835257,187.1225834806658,1337823000
2023-10-01,168.636474609375,180.06191598876103,163.60018586857848,169.08084948223302,1172816900
2023-11-01,187.82394409179688,190.7705856285988,168.2158934727115,169.08604872706994,1099651600
2023-12-01,190.37509155273438,197.38573254630626,185.35194804363522,188.19971824419636,1063181200
2024-01-01,182.3360595703125,194.18198185424902,178.15340892775498,185.05527963763984,1187490800
2024-02-01,178.95497131347656,189.15268501005218,177.46986781709916,182.1628003042632,1161553500
2024-03-01,169.7770233154297,178.73715054545528,166.81672675383567,177.76688718162956,1433151800
2024-04-01,168.63845825195312,176.5887112863472,162.45052686732174,169.48991821476858,1246144100
2024-05-01,190.5989532470703,191.3425122324295,167.65768062389822,168.123645464943,1336511300
2024-06-01,208.81117248535156,218.30890043678053,190.49979322359138,191.2433521590898,1717952100
2024-07-01,220.17276000976562,235.19264447850588,210.10001131761777,210.26854952792348,1153099800
2024-08-01,227.29611206054688,231.186943253061,194.54165049723662,222.70055700078868,1122667000
2024-09-01,231.266357421875,231.35568413966587,212.32832084217233,226.8494707920105,1232097700
2024-10-01,224.22911071777344,235.72295105505768,219.68318658420037,227.81225096578328,930736000
2024-11-01,235.82330322265625,236.3002516789311,218.31516931946712,219.5671647029078,891588300
2024-12-01,248.8302001953125,258.4487543437968,235.65438711388782,235.76368938245872,977916100
2025-01-01,234.50177001953125,247.51861162351886,217.98728581319043,247.34967751449005,1200176400
2025-02-01,240.56887817382812,248.68599261566462,224.51371109770434,228.78117123099867,862272300
2025-03-01,220.96249389648438,242.74738185089598,207.32454671131308,240.51914978304688,1115239500
2025-04-01,211.3831024169922,224.00640634990353,168.3206408431874,218.65467871156247,1607318600
2025-05-01,200.05633544921875,213.7121510638294,192.4863612184118,208.25380986286464,1195728200
2025-06-01,204.35926818847656,206.570497066428,194.29918749364208,199.48859164887952,1100409300
2025-07-01,206.7498016357422,215.3755703950874,205.32544432795376,205.85334883544678,1079935600
2025-08-01,231.485107421875,234.45669626016146,200.93154677413068,210.27510812481324,1218079100
2025-09-01,253.9116668701172,256.87328940514436,225.3125682530222,228.60326164924598,1265536400
2025-10-01,269.60723876953125,276.53764389728985,243.3116375626391,254.32048528857973,1097142200
2025-11-01,278.3328857421875,279.86004717701866,264.8279780071954,269.91852627696056,877578200
2025-12-01,271.3558349609375,288.08476414859774,266.4549671096165,277.4944544703514,924528800
2026-01-01,258.99884033203125,277.3247795690938,242.96860864054705,271.7551403287083,1040017300
2026-02-01,263.93682861328125,280.6514404870729,255.2148683967028,259.7906545722106,988921000
2026-03-01,253.55638122558594,266.28465962543123,245.28400413204236,262.1684569373159,900035700
2026-04-01,271.1002502441406,275.7459641951834,245.47384985958934,253.84614162180483,907538500
2026-05-01,312.05999755859375,315.0,274.8599853515625,278.8599853515625,981286400
2026-06-01,289.3599853515625,317.3999938964844,273.75,309.6300048828125,1401170100
2026-07-01,333.260009765625,334.67999267578125,289.20001220703125,293.44000244140625,611130882
